saved_at,symbol,base_date,base_close,signal,rsi,prob_high,prob_low,avg_high,avg_low,pivot,r1,s1,r2,s2,settings
2026-10-07 13:57,JAMNAAUTO.NS,2026-10-06,144.21,BUY,67.7,150.26,139.23,148.11,141.86,141.37,148.28,137.29,152.36,130.38,EMA20/50 RSI14
2026-10-07 14:00,MOTHERSON.NS,2026-10-06,160.0,SELL,48.0,163.5,157.3,161.87,158.1,158.79,161.9,156.89,163.8,153.78,EMA20/50 RSI14
2026-10-07 14:08,NBCC.NS,2026-10-06,77.05,SELL,31.3,78.63,74.91,77.74,76.04,77.03,77.87,76.22,78.68,75.38,EMA20/50 RSI14
2026-10-07 14:08,JIOFIN.NS,2026-10-06,217.9,SELL,36.2,220.52,213.62,219.5,215.63,216.33,220.95,213.27,224.01,208.65,EMA20/50 RSI14
2026-10-07 14:08,HFCL.NS,2026-10-06,262.78,BUY,68.8,275.91,250.25,267.89,257.52,260.52,265.04,258.26,267.3,253.74,EMA20/50 RSI14
2026-10-07 14:12,TATASTEEL.NS,2026-10-06,178.69,SELL,39.4,182.01,175.36,180.74,176.66,178.69,180.38,177.0,182.07,175.31,EMA20/50 RSI14
2026-10-08 13:14,JAMNAAUTO.NS,2026-10-07,151.77,HOLD,73.3,158.55,146.53,156.26,149.35,149.42,156.35,144.85,160.92,137.92,EMA20/50 RSI14
2026-10-08 13:15,TATASTEEL.NS,2026-10-07,175.64,SELL,35.2,178.32,172.18,177.34,173.48,176.16,177.73,174.08,179.81,172.51,EMA20/50 RSI14
2026-10-08 13:15,NBCC.NS,2026-10-07,76.74,SELL,30.6,78.32,74.74,77.47,75.8,76.81,77.42,76.13,78.1,75.52,EMA20/50 RSI14
2026-10-08 13:16,MOTHERSON.NS,2026-10-07,159.2,SELL,46.8,162.68,156.06,161.0,157.22,158.72,160.46,157.47,161.71,155.73,EMA20/50 RSI14
2026-10-08 13:16,JIOFIN.NS,2026-10-07,216.44,SELL,34.6,219.04,212.19,218.08,214.19,216.92,218.3,215.07,220.15,213.69,EMA20/50 RSI14
2026-10-09 14:51,JAMNAAUTO.NS,2026-10-08,147.95,BUY,66.4,154.56,142.61,152.47,145.13,148.35,151.59,144.71,155.23,141.47,EMA20/50 RSI14
2026-10-09 14:55,NBCC.NS,2026-10-08,74.0,SELL,25.5,75.52,71.82,74.69,72.85,74.92,75.94,72.98,77.88,71.96,EMA20/50 RSI14
2026-10-09 16:19,JAMNAAUTO.NS,2026-10-09,142.67,BUY,59.3,149.05,137.31,146.94,139.79,144.51,147.03,140.16,151.38,137.64,EMA20/50 RSI14
2026-10-09 16:19,MOTHERSON.NS,2026-10-09,153.0,SELL,38.9,156.35,149.31,154.81,150.72,153.1,154.84,151.27,156.67,149.53,EMA20/50 RSI14
2026-10-09 16:19,NBCC.NS,2026-10-09,74.46,SELL,27.6,75.99,72.37,75.23,73.41,74.5,75.11,73.86,75.75,73.25,EMA20/50 RSI14
2026-10-09 16:19,JIOFIN.NS,2026-10-09,214.62,SELL,35.7,217.61,209.61,216.46,212.07,213.71,216.66,211.66,218.71,208.71,EMA20/50 RSI14
2026-10-09 16:19,HFCL.NS,2026-10-09,260.4,BUY,62.9,273.41,247.39,266.39,254.47,258.27,271.13,247.53,281.87,234.67,EMA20/50 RSI14
2026-10-09 16:19,TATASTEEL.NS,2026-10-09,173.8,SELL,35.5,176.46,170.24,175.64,171.32,172.82,175.42,171.21,177.03,168.61,EMA20/50 RSI14
